year,month,state,arrivals
2017,1,NSW,370570
2017,1,VIC,254204
2017,1,QLD,175598
2017,1,WA,83839
2017,1,SA,33590
2017,1,TAS,9330
2017,1,NT,9343
2017,1,ACT,4698
2017,2,NSW,361550
2017,2,VIC,253648
2017,2,QLD,179164
2017,2,WA,80164
2017,2,SA,32241
2017,2,TAS,9415
2017,2,NT,9319
2017,2,ACT,4766
2017,3,NSW,337885
2017,3,VIC,221922
2017,3,QLD,162340
2017,3,WA,75742
2017,3,SA,28999
2017,3,TAS,8538
2017,3,NT,8950
2017,3,ACT,4383
2017,4,NSW,281659
2017,4,VIC,203224
2017,4,QLD,144798
2017,4,WA,72171
2017,4,SA,26916
2017,4,TAS,7459
2017,4,NT,7760
2017,4,ACT,3763
2017,5,NSW,250069
2017,5,VIC,188007
2017,5,QLD,137521
2017,5,WA,63807
2017,5,SA,24718
2017,5,TAS,6660
2017,5,NT,6942
2017,5,ACT,3497
2017,6,NSW,245590
2017,6,VIC,169184
2017,6,QLD,114347
2017,6,WA,59122
2017,6,SA,21532
2017,6,TAS,6450
2017,6,NT,6277
2017,6,ACT,3238
2017,7,NSW,227814
2017,7,VIC,157832
2017,7,QLD,114952
2017,7,WA,54736
2017,7,SA,21953
2017,7,TAS,6035
2017,7,NT,6195
2017,7,ACT,3009
2017,8,NSW,246870
2017,8,VIC,165835
2017,8,QLD,125213
2017,8,WA,59679
2017,8,SA,21163
2017,8,TAS,6576
2017,8,NT,6525
2017,8,ACT,3236
2017,9,NSW,255791
2017,9,VIC,193608
2017,9,QLD,136760
2017,9,WA,63864
2017,9,SA,25663
2017,9,TAS,7321
2017,9,NT,7101
2017,9,ACT,3653
2017,10,NSW,324411
2017,10,VIC,234196
2017,10,QLD,168699
2017,10,WA,79853
2017,10,SA,32387
2017,10,TAS,8973
2017,10,NT,8960
2017,10,ACT,4480
2017,11,NSW,387378
2017,11,VIC,260877
2017,11,QLD,189867
2017,11,WA,88714
2017,11,SA,33824
2017,11,TAS,9602
2017,11,NT,9421
2017,11,ACT,4641
2017,12,NSW,390142
2017,12,VIC,276197
2017,12,QLD,190018
2017,12,WA,93806
2017,12,SA,35989
2017,12,TAS,10883
2017,12,NT,10731
2017,12,ACT,5305
2018,1,NSW,383519
2018,1,VIC,257428
2018,1,QLD,178217
2018,1,WA,88750
2018,1,SA,33209
2018,1,TAS,10227
2018,1,NT,9681
2018,1,ACT,5065
2018,2,NSW,353847
2018,2,VIC,247496
2018,2,QLD,183845
2018,2,WA,87651
2018,2,SA,32626
2018,2,TAS,9962
2018,2,NT,10007
2018,2,ACT,4867
2018,3,NSW,356158
2018,3,VIC,253104
2018,3,QLD,163923
2018,3,WA,82333
2018,3,SA,32067
2018,3,TAS,9150
2018,3,NT,8799
2018,3,ACT,4490
2018,4,NSW,309989
2018,4,VIC,225973
2018,4,QLD,146750
2018,4,WA,71869
2018,4,SA,27778
2018,4,TAS,8322
2018,4,NT,7776
2018,4,ACT,3866
2018,5,NSW,263953
2018,5,VIC,187558
2018,5,QLD,136366
2018,5,WA,67393
2018,5,SA,24918
2018,5,TAS,6936
2018,5,NT,7347
2018,5,ACT,3552
2018,6,NSW,252392
2018,6,VIC,182473
2018,6,QLD,124751
2018,6,WA,60739
2018,6,SA,23358
2018,6,TAS,6827
2018,6,NT,6768
2018,6,ACT,3430
2018,7,NSW,248354
2018,7,VIC,168470
2018,7,QLD,121248
2018,7,WA,58970
2018,7,SA,22960
2018,7,TAS,6525
2018,7,NT,6597
2018,7,ACT,3293
2018,8,NSW,253515
2018,8,VIC,181913
2018,8,QLD,120480
2018,8,WA,59663
2018,8,SA,23782
2018,8,TAS,6919
2018,8,NT,6876
2018,8,ACT,3302
2018,9,NSW,271089
2018,9,VIC,205602
2018,9,QLD,141503
2018,9,WA,63954
2018,9,SA,24476
2018,9,TAS,7609
2018,9,NT,7388
2018,9,ACT,3523
2018,10,NSW,369161
2018,10,VIC,252230
2018,10,QLD,180511
2018,10,WA,85903
2018,10,SA,31623
2018,10,TAS,9282
2018,10,NT,8957
2018,10,ACT,4683
2018,11,NSW,385367
2018,11,VIC,283609
2018,11,QLD,186501
2018,11,WA,89167
2018,11,SA,35324
2018,11,TAS,9699
2018,11,NT,10113
2018,11,ACT,5340
2018,12,NSW,429984
2018,12,VIC,285306
2018,12,QLD,214287
2018,12,WA,95545
2018,12,SA,37212
2018,12,TAS,11066
2018,12,NT,10691
2018,12,ACT,5295
2019,1,NSW,371510
2019,1,VIC,266477
2019,1,QLD,187825
2019,1,WA,95573
2019,1,SA,34062
2019,1,TAS,10240
2019,1,NT,9906
2019,1,ACT,5212
2019,2,NSW,360717
2019,2,VIC,266235
2019,2,QLD,194302
2019,2,WA,85639
2019,2,SA,34651
2019,2,TAS,9815
2019,2,NT,9973
2019,2,ACT,5059
2019,3,NSW,340269
2019,3,VIC,261606
2019,3,QLD,173511
2019,3,WA,86413
2019,3,SA,31514
2019,3,TAS,8967
2019,3,NT,9061
2019,3,ACT,4479
2019,4,NSW,313048
2019,4,VIC,219958
2019,4,QLD,153933
2019,4,WA,78737
2019,4,SA,29663
2019,4,TAS,8448
2019,4,NT,8458
2019,4,ACT,4357
2019,5,NSW,273822
2019,5,VIC,194547
2019,5,QLD,145807
2019,5,WA,64588
2019,5,SA,26435
2019,5,TAS,7643
2019,5,NT,7812
2019,5,ACT,3586
2019,6,NSW,259262
2019,6,VIC,182557
2019,6,QLD,131964
2019,6,WA,59116
2019,6,SA,24728
2019,6,TAS,7205
2019,6,NT,6924
2019,6,ACT,3502
2019,7,NSW,261682
2019,7,VIC,186088
2019,7,QLD,130642
2019,7,WA,59891
2019,7,SA,22359
2019,7,TAS,6859
2019,7,NT,6892
2019,7,ACT,3398
2019,8,NSW,258812
2019,8,VIC,196265
2019,8,QLD,133469
2019,8,WA,61284
2019,8,SA,24983
2019,8,TAS,6748
2019,8,NT,6760
2019,8,ACT,3610
2019,9,NSW,278018
2019,9,VIC,214380
2019,9,QLD,143978
2019,9,WA,69408
2019,9,SA,27311
2019,9,TAS,7965
2019,9,NT,7442
2019,9,ACT,3673
2019,10,NSW,367893
2019,10,VIC,253877
2019,10,QLD,182329
2019,10,WA,83635
2019,10,SA,32456
2019,10,TAS,9735
2019,10,NT,9236
2019,10,ACT,4722
2019,11,NSW,400427
2019,11,VIC,276077
2019,11,QLD,208665
2019,11,WA,99762
2019,11,SA,35553
2019,11,TAS,10984
2019,11,NT,10311
2019,11,ACT,5451
2019,12,NSW,413958
2019,12,VIC,315197
2019,12,QLD,225853
2019,12,WA,100077
2019,12,SA,38544
2019,12,TAS,11212
2019,12,NT,11804
2019,12,ACT,5857
2020,1,NSW,390597
2020,1,VIC,298944
2020,1,QLD,207077
2020,1,WA,100178
2020,1,SA,39016
2020,1,TAS,10281
2020,1,NT,10887
2020,1,ACT,5069
2020,2,NSW,383876
2020,2,VIC,282455
2020,2,QLD,192759
2020,2,WA,91167
2020,2,SA,35963
2020,2,TAS,10381
2020,2,NT,10859
2020,2,ACT,5254
2020,3,NSW,161183
2020,3,VIC,116383
2020,3,QLD,77645
2020,3,WA,39113
2020,3,SA,15151
2020,3,TAS,4351
2020,3,NT,4197
2020,3,ACT,2118
2020,4,NSW,8296
2020,4,VIC,6130
2020,4,QLD,4394
2020,4,WA,2144
2020,4,SA,830
2020,4,TAS,224
2020,4,NT,234
2020,4,ACT,118
2020,5,NSW,8067
2020,5,VIC,5578
2020,5,QLD,3790
2020,5,WA,1895
2020,5,SA,676
2020,5,TAS,204
2020,5,NT,202
2020,5,ACT,105
2020,6,NSW,7098
2020,6,VIC,4834
2020,6,QLD,3389
2020,6,WA,1584
2020,6,SA,662
2020,6,TAS,190
2020,6,NT,182
2020,6,ACT,90
2020,7,NSW,6797
2020,7,VIC,4655
2020,7,QLD,3388
2020,7,WA,1576
2020,7,SA,611
2020,7,TAS,181
2020,7,NT,173
2020,7,ACT,87
2020,8,NSW,7058
2020,8,VIC,5203
2020,8,QLD,3384
2020,8,WA,1629
2020,8,SA,631
2020,8,TAS,181
2020,8,NT,184
2020,8,ACT,95
2020,9,NSW,7465
2020,9,VIC,5599
2020,9,QLD,3829
2020,9,WA,1839
2020,9,SA,710
2020,9,TAS,205
2020,9,NT,196
2020,9,ACT,103
2020,10,NSW,9609
2020,10,VIC,7091
2020,10,QLD,4898
2020,10,WA,2277
2020,10,SA,937
2020,10,TAS,247
2020,10,NT,243
2020,10,ACT,123
2020,11,NSW,10859
2020,11,VIC,7263
2020,11,QLD,5454
2020,11,WA,2420
2020,11,SA,962
2020,11,TAS,284
2020,11,NT,267
2020,11,ACT,139
2020,12,NSW,11921
2020,12,VIC,8251
2020,12,QLD,5614
2020,12,WA,2799
2020,12,SA,1053
2020,12,TAS,308
2020,12,NT,294
2020,12,ACT,148
2021,1,NSW,10782
2021,1,VIC,7706
2021,1,QLD,5387
2021,1,WA,2416
2021,1,SA,966
2021,1,TAS,273
2021,1,NT,271
2021,1,ACT,134
2021,2,NSW,10571
2021,2,VIC,7066
2021,2,QLD,5082
2021,2,WA,2325
2021,2,SA,969
2021,2,TAS,275
2021,2,NT,260
2021,2,ACT,142
2021,3,NSW,10093
2021,3,VIC,7004
2021,3,QLD,4956
2021,3,WA,2324
2021,3,SA,843
2021,3,TAS,247
2021,3,NT,246
2021,3,ACT,120
2021,4,NSW,8784
2021,4,VIC,6212
2021,4,QLD,4272
2021,4,WA,2103
2021,4,SA,777
2021,4,TAS,223
2021,4,NT,219
2021,4,ACT,111
2021,5,NSW,7981
2021,5,VIC,5473
2021,5,QLD,3947
2021,5,WA,1893
2021,5,SA,722
2021,5,TAS,200
2021,5,NT,212
2021,5,ACT,97
2021,6,NSW,6952
2021,6,VIC,5175
2021,6,QLD,3571
2021,6,WA,1637
2021,6,SA,667
2021,6,TAS,189
2021,6,NT,189
2021,6,ACT,90
2021,7,NSW,6880
2021,7,VIC,4877
2021,7,QLD,3494
2021,7,WA,1603
2021,7,SA,649
2021,7,TAS,182
2021,7,NT,173
2021,7,ACT,90
2021,8,NSW,6800
2021,8,VIC,5042
2021,8,QLD,3446
2021,8,WA,1744
2021,8,SA,636
2021,8,TAS,190
2021,8,NT,191
2021,8,ACT,91
2021,9,NSW,7780
2021,9,VIC,5332
2021,9,QLD,3807
2021,9,WA,1815
2021,9,SA,725
2021,9,TAS,203
2021,9,NT,196
2021,9,ACT,103
2021,10,NSW,9719
2021,10,VIC,6912
2021,10,QLD,4825
2021,10,WA,2383
2021,10,SA,908
2021,10,TAS,259
2021,10,NT,255
2021,10,ACT,126
2021,11,NSW,10579
2021,11,VIC,7707
2021,11,QLD,5295
2021,11,WA,2415
2021,11,SA,954
2021,11,TAS,268
2021,11,NT,268
2021,11,ACT,138
2021,12,NSW,11216
2021,12,VIC,8032
2021,12,QLD,5508
2021,12,WA,2617
2021,12,SA,1040
2021,12,TAS,293
2021,12,NT,292
2021,12,ACT,149
2022,1,NSW,139225
2022,1,VIC,92149
2022,1,QLD,64526
2022,1,WA,31960
2022,1,SA,12987
2022,1,TAS,3617
2022,1,NT,3521
2022,1,ACT,1869
2022,2,NSW,146988
2022,2,VIC,105943
2022,2,QLD,74674
2022,2,WA,32624
2022,2,SA,12895
2022,2,TAS,3911
2022,2,NT,3759
2022,2,ACT,1976
2022,3,NSW,139604
2022,3,VIC,108175
2022,3,QLD,73809
2022,3,WA,34239
2022,3,SA,13877
2022,3,TAS,3852
2022,3,NT,3823
2022,3,ACT,1859
2022,4,NSW,145530
2022,4,VIC,96991
2022,4,QLD,69342
2022,4,WA,32135
2022,4,SA,12403
2022,4,TAS,3648
2022,4,NT,3554
2022,4,ACT,1856
2022,5,NSW,132876
2022,5,VIC,91259
2022,5,QLD,67227
2022,5,WA,31277
2022,5,SA,12095
2022,5,TAS,3566
2022,5,NT,3492
2022,5,ACT,1696
2022,6,NSW,136557
2022,6,VIC,97406
2022,6,QLD,63735
2022,6,WA,31500
2022,6,SA,12160
2022,6,TAS,3359
2022,6,NT,3458
2022,6,ACT,1682
2022,7,NSW,131019
2022,7,VIC,94790
2022,7,QLD,63967
2022,7,WA,30887
2022,7,SA,12942
2022,7,TAS,3622
2022,7,NT,3468
2022,7,ACT,1851
2022,8,NSW,144759
2022,8,VIC,108321
2022,8,QLD,72332
2022,8,WA,36257
2022,8,SA,13500
2022,8,TAS,4020
2022,8,NT,3735
2022,8,ACT,1917
2022,9,NSW,168270
2022,9,VIC,124869
2022,9,QLD,88587
2022,9,WA,39007
2022,9,SA,15602
2022,9,TAS,4351
2022,9,NT,4303
2022,9,ACT,2166
2022,10,NSW,216769
2022,10,VIC,157688
2022,10,QLD,112426
2022,10,WA,55795
2022,10,SA,21171
2022,10,TAS,6114
2022,10,NT,5857
2022,10,ACT,2926
2022,11,NSW,258792
2022,11,VIC,180553
2022,11,QLD,124278
2022,11,WA,60448
2022,11,SA,25078
2022,11,TAS,6562
2022,11,NT,6874
2022,11,ACT,3343
2022,12,NSW,299082
2022,12,VIC,197504
2022,12,QLD,145864
2022,12,WA,70576
2022,12,SA,26741
2022,12,TAS,7396
2022,12,NT,7967
2022,12,ACT,3650
2023,1,NSW,296650
2023,1,VIC,208585
2023,1,QLD,147717
2023,1,WA,69847
2023,1,SA,25864
2023,1,TAS,7582
2023,1,NT,7465
2023,1,ACT,3775
2023,2,NSW,276850
2023,2,VIC,206162
2023,2,QLD,137416
2023,2,WA,66773
2023,2,SA,24695
2023,2,TAS,7049
2023,2,NT,7658
2023,2,ACT,3634
2023,3,NSW,260359
2023,3,VIC,196441
2023,3,QLD,134766
2023,3,WA,60296
2023,3,SA,24389
2023,3,TAS,6927
2023,3,NT,7011
2023,3,ACT,3390
2023,4,NSW,234327
2023,4,VIC,177890
2023,4,QLD,121003
2023,4,WA,57061
2023,4,SA,22501
2023,4,TAS,6467
2023,4,NT,6105
2023,4,ACT,3243
2023,5,NSW,214893
2023,5,VIC,147605
2023,5,QLD,105657
2023,5,WA,53486
2023,5,SA,20511
2023,5,TAS,5893
2023,5,NT,5665
2023,5,ACT,2871
2023,6,NSW,195491
2023,6,VIC,143653
2023,6,QLD,99123
2023,6,WA,46120
2023,6,SA,19063
2023,6,TAS,5199
2023,6,NT,4960
2023,6,ACT,2681
2023,7,NSW,184278
2023,7,VIC,133445
2023,7,QLD,95568
2023,7,WA,44171
2023,7,SA,17598
2023,7,TAS,5023
2023,7,NT,5069
2023,7,ACT,2565
2023,8,NSW,204776
2023,8,VIC,136427
2023,8,QLD,97881
2023,8,WA,45791
2023,8,SA,18208
2023,8,TAS,5268
2023,8,NT,5477
2023,8,ACT,2517
2023,9,NSW,229893
2023,9,VIC,152976
2023,9,QLD,114171
2023,9,WA,54650
2023,9,SA,21536
2023,9,TAS,5912
2023,9,NT,5607
2023,9,ACT,2872
2023,10,NSW,281205
2023,10,VIC,204606
2023,10,QLD,148143
2023,10,WA,69556
2023,10,SA,24929
2023,10,TAS,7171
2023,10,NT,7561
2023,10,ACT,3615
2023,11,NSW,316104
2023,11,VIC,222945
2023,11,QLD,157447
2023,11,WA,73126
2023,11,SA,30058
2023,11,TAS,8079
2023,11,NT,8135
2023,11,ACT,3985
2023,12,NSW,329766
2023,12,VIC,230552
2023,12,QLD,170771
2023,12,WA,75954
2023,12,SA,30227
2023,12,TAS,9137
2023,12,NT,9176
2023,12,ACT,4361
2024,1,NSW,323643
2024,1,VIC,231648
2024,1,QLD,160485
2024,1,WA,75801
2024,1,SA,29865
2024,1,TAS,8171
2024,1,NT,8181
2024,1,ACT,4059
2024,2,NSW,302788
2024,2,VIC,221382
2024,2,QLD,156192
2024,2,WA,71417
2024,2,SA,27471
2024,2,TAS,7799
2024,2,NT,7954
2024,2,ACT,3953
2024,3,NSW,296061
2024,3,VIC,214320
2024,3,QLD,146763
2024,3,WA,70278
2024,3,SA,26730
2024,3,TAS,7370
2024,3,NT,7888
2024,3,ACT,3951
2024,4,NSW,256335
2024,4,VIC,185206
2024,4,QLD,135273
2024,4,WA,64222
2024,4,SA,23650
2024,4,TAS,6913
2024,4,NT,6912
2024,4,ACT,3512
2024,5,NSW,246029
2024,5,VIC,163398
2024,5,QLD,117721
2024,5,WA,58849
2024,5,SA,21249
2024,5,TAS,6071
2024,5,NT,6453
2024,5,ACT,3176
2024,6,NSW,218055
2024,6,VIC,154662
2024,6,QLD,104507
2024,6,WA,52499
2024,6,SA,19658
2024,6,TAS,5718
2024,6,NT,5999
2024,6,ACT,2875
2024,7,NSW,210076
2024,7,VIC,148628
2024,7,QLD,103870
2024,7,WA,50877
2024,7,SA,19978
2024,7,TAS,5372
2024,7,NT,5310
2024,7,ACT,2764
2024,8,NSW,214659
2024,8,VIC,159356
2024,8,QLD,107278
2024,8,WA,52622
2024,8,SA,20403
2024,8,TAS,6121
2024,8,NT,5739
2024,8,ACT,2853
2024,9,NSW,242110
2024,9,VIC,177651
2024,9,QLD,119859
2024,9,WA,56783
2024,9,SA,23147
2024,9,TAS,6496
2024,9,NT,6199
2024,9,ACT,3350
2024,10,NSW,300486
2024,10,VIC,217263
2024,10,QLD,156787
2024,10,WA,73606
2024,10,SA,29513
2024,10,TAS,7925
2024,10,NT,8341
2024,10,ACT,3975
2024,11,NSW,332199
2024,11,VIC,250337
2024,11,QLD,177495
2024,11,WA,78611
2024,11,SA,30333
2024,11,TAS,8819
2024,11,NT,9159
2024,11,ACT,4333
2024,12,NSW,387621
2024,12,VIC,250845
2024,12,QLD,189946
2024,12,WA,90526
2024,12,SA,33767
2024,12,TAS,10068
2024,12,NT,9444
2024,12,ACT,5015
2025,1,NSW,350534
2025,1,VIC,255901
2025,1,QLD,179081
2025,1,WA,84769
2025,1,SA,33212
2025,1,TAS,8931
2025,1,NT,8727
2025,1,ACT,4428
2025,2,NSW,350568
2025,2,VIC,243508
2025,2,QLD,170943
2025,2,WA,80807
2025,2,SA,30013
2025,2,TAS,9386
2025,2,NT,9065
2025,2,ACT,4540
2025,3,NSW,320385
2025,3,VIC,236534
2025,3,QLD,159846
2025,3,WA,76220
2025,3,SA,30407
2025,3,TAS,8139
2025,3,NT,8711
2025,3,ACT,4271
2025,4,NSW,283964
2025,4,VIC,197988
2025,4,QLD,144619
2025,4,WA,66988
2025,4,SA,25275
2025,4,TAS,7847
2025,4,NT,7788
2025,4,ACT,3952
2025,5,NSW,263780
2025,5,VIC,180910
2025,5,QLD,133838
2025,5,WA,59295
2025,5,SA,23100
2025,5,TAS,6743
2025,5,NT,6884
2025,5,ACT,3246
2025,6,NSW,223435
2025,6,VIC,173271
2025,6,QLD,111206
2025,6,WA,56711
2025,6,SA,21465
2025,6,TAS,6435
2025,6,NT,6373
2025,6,ACT,3065
2025,7,NSW,226319
2025,7,VIC,163208
2025,7,QLD,109944
2025,7,WA,50788
2025,7,SA,21767
2025,7,TAS,5954
2025,7,NT,6106
2025,7,ACT,2975
2025,8,NSW,223863
2025,8,VIC,159507
2025,8,QLD,113787
2025,8,WA,57945
2025,8,SA,22212
2025,8,TAS,6024
2025,8,NT,6119
2025,8,ACT,3220
2025,9,NSW,257171
2025,9,VIC,179282
2025,9,QLD,128885
2025,9,WA,58859
2025,9,SA,23839
2025,9,TAS,6474
2025,9,NT,6778
2025,9,ACT,3250
2025,10,NSW,308552
2025,10,VIC,235687
2025,10,QLD,161809
2025,10,WA,74001
2025,10,SA,29490
2025,10,TAS,8842
2025,10,NT,8394
2025,10,ACT,4159
2025,11,NSW,354521
2025,11,VIC,262373
2025,11,QLD,179671
2025,11,WA,83910
2025,11,SA,33136
2025,11,TAS,9210
2025,11,NT,9754
2025,11,ACT,4568
2025,12,NSW,367832
2025,12,VIC,268584
2025,12,QLD,194934
2025,12,WA,92080
2025,12,SA,35420
2025,12,TAS,9464
2025,12,NT,10258
2025,12,ACT,5185
